iter,niche_id,objective,fitness,x_0,x_1
0,nopt0,4.180163448889298,0.15453247979304713,0.6538660110683944,0.4312267487774062
0,nopt1,0.5672627461831807,0.6664888392396898,0.9716899756197547,0.9882189012202123
0,nopt2,4.070395634332443,0.6841661263092166,0.1637416544531679,0.023888813978811707
1,nopt0,4.180163448889298,0.15453247979304713,0.6538660110683944,0.4312267487774062
1,nopt1,1.1593373008047392,0.6713564737339758,0.10488323088556717,0.4468129517344519
1,nopt2,3.394383193315548,0.7092207827224893,0.1637416544531679,0.03516963772113326
2,nopt0,4.180163448889298,0.15453247979304713,0.6538660110683944,0.4312267487774062
2,nopt1,0.6062123690806425,0.7578237424550871,0.9716899756197547,0.2621467961899895
2,nopt2,2.572207709189102,0.712567477747471,0.9387518284798846,0.755221576661414
3,nopt0,4.180163448889298,0.15453247979304713,0.6538660110683944,0.4312267487774062
3,nopt1,1.7271376675972334,0.8091237971046907,0.9716899756197547,0.34713138873120064
3,nopt2,3.1628541731275663,0.712360015028452,0.14761376360453493,0.17483553789762363
4,nopt0,4.373759869684176,0.35339024489724247,0.7494472082944243,0.5462441691298419
4,nopt1,4.373759869684176,0.7750761730846011,0.2862986621063459,0.9074266589896376
4,nopt2,2.82232344908265,0.6468269776048221,0.0756871802056739,0.03516963772113326
5,nopt0,4.373759869684176,0.35339024489724247,0.7494472082944243,0.5462441691298419
5,nopt1,3.0370686971828285,0.8013787594436559,0.38900520811932426,0.857460529171645
5,nopt2,2.7331537283286655,0.6711453333202396,0.0143290644454429,0.2253587821824226
6,nopt0,4.373759869684176,0.35339024489724247,0.7494472082944243,0.5462441691298419
6,nopt1,3.6245147233876134,0.8216815850699049,1.0,0.7132283694656293
6,nopt2,1.6666703745808829,0.716539869152923,0.2688253532243601,0.24147190982808717
7,nopt0,4.373759869684176,0.35339024489724247,0.7494472082944243,0.5462441691298419
7,nopt1,1.1885727348093225,0.798199858442295,0.9205651780619332,0.523514841668046
7,nopt2,1.8806876174174838,0.6806226365825172,0.0,0.2203854080605901
8,nopt0,4.373759869684176,0.35339024489724247,0.7494472082944243,0.5462441691298419
8,nopt1,3.3638817701467847,0.7774532728236568,0.9582932120955678,0.8477856289110038
8,nopt2,2.9227503869573823,0.6267864748624191,0.11592319057464201,0.29438691614166895
9,nopt0,4.373759869684176,0.35339024489724247,0.7494472082944243,0.5462441691298419
9,nopt1,2.6604572247053473,0.8191352602710519,1.0,0.8894190264971304
9,nopt2,0.4195857090599927,0.5614182826077305,0.06201474555842251,0.01804617154840828
10,nopt0,4.373759869684176,0.35339024489724247,0.7494472082944243,0.5462441691298419
10,nopt1,3.147922157631652,0.8723391128589825,1.0,0.8894190264971304
10,nopt2,3.1820984151804215,0.6422910240832284,0.16813492386619155,0.13213265585500125
11,nopt0,4.547530959756912,0.4890885675304232,0.8542417615789606,0.659688321594242
11,nopt1,4.547530959756912,0.7962402609162565,0.7090005310449042,0.8815396946347378
11,nopt2,1.838155010094721,0.603929757777983,0.1882247282294986,0.08673446152339644
12,nopt0,4.547530959756912,0.4890885675304232,0.8542417615789606,0.659688321594242
12,nopt1,3.6349739648705395,0.8277959884292703,0.9190354567063377,1.0
12,nopt2,1.9869242544086902,0.5961060715725591,0.05734288481155592,0.31406432342756463
13,nopt0,4.86162706184712,0.8646715930909401,0.9726665054720638,0.9609809240913872
13,nopt1,4.86162706184712,0.9119550551892563,0.7213058717721857,1.0
13,nopt2,0.23573781890235435,0.5061362995960239,0.0,0.10401787666205818
14,nopt0,4.86162706184712,0.8646715930909401,0.9726665054720638,0.9609809240913872
14,nopt1,3.083813451017345,0.9064117230939184,0.9940203322869677,0.8818476182478928
14,nopt2,3.0674028899792516,0.4889144988826962,0.3875565466398897,0.09158046230920429
15,nopt0,4.86162706184712,0.8646715930909401,0.9726665054720638,0.9609809240913872
15,nopt1,4.148525608007403,0.8980873147971552,0.9940203322869677,0.8818476182478928
15,nopt2,1.8189389570088645,0.4794626172689752,0.043205544538764296,0.11035205698747048
16,nopt0,4.86162706184712,0.8646715930909401,0.9726665054720638,0.9609809240913872
16,nopt1,2.0025526443772144,0.9004857031715391,1.0,0.9057326800228304
16,nopt2,2.682889655888883,0.5152355051802442,0.3967828394303906,0.3074701910963874
17,nopt0,4.86162706184712,0.8646715930909401,0.9726665054720638,0.9609809240913872
17,nopt1,3.1024944004542894,0.8500151658711746,0.9958625988114651,0.7986583229079196
17,nopt2,2.0528058592431973,0.5282545200498031,0.0,0.26276353596453517
18,nopt0,4.86162706184712,0.8646715930909401,0.9726665054720638,0.9609809240913872
18,nopt1,3.949660880254322,0.7682561052259028,0.9958625988114651,0.8821826794910744
18,nopt2,3.3945654338526934,0.58442678021693,0.21729139599351568,0.18520251968327772
19,nopt0,4.86162706184712,0.8646715930909401,0.9726665054720638,0.9609809240913872
19,nopt1,4.1889894997770964,0.8334920586976223,0.9399777721292932,0.9334138191387765
19,nopt2,2.5395038307392035,0.5516686727465521,0.0,0.3074701910963874
20,nopt0,4.86162706184712,0.8646715930909401,0.9726665054720638,0.9609809240913872
20,nopt1,2.486389687472343,0.7844900959091319,0.9449373864478045,0.9847573756920842
20,nopt2,4.023798558815919,0.5848199299998301,0.06570014486072981,0.44329892012423133
21,nopt0,4.86162706184712,0.8646715930909401,0.9726665054720638,0.9609809240913872
21,nopt1,2.341473405586309,0.7805559621119986,0.9229816751578325,0.876457624715976
21,nopt2,0.8278669947026077,0.6028361129553788,0.15977080542355224,0.03837064077986188
22,nopt0,4.86162706184712,0.8646715930909401,0.9726665054720638,0.9609809240913872
22,nopt1,4.2971572119643895,0.8045691405628108,1.0,0.9747855098417054
22,nopt2,2.050557312620711,0.5606214168697106,0.5599111952911661,0.07478522699152383
23,nopt0,4.86162706184712,0.8646715930909401,0.9726665054720638,0.9609809240913872
23,nopt1,3.176470588235306,0.7962869940529972,1.0,0.9326734265256366
23,nopt2,0.7968379654468001,0.6348105776952604,0.038233236667797356,0.07581742919516057
24,nopt0,4.86162706184712,0.8646715930909401,0.9726665054720638,0.9609809240913872
24,nopt1,2.298830538103688,0.6534265307990448,1.0,0.927712138811255
24,nopt2,1.2680207330264945,0.74692936174002,0.6132369685665465,0.28009607053382257
25,nopt0,4.86162706184712,0.8646715930909401,0.9726665054720638,0.9609809240913872
25,nopt1,3.971356581618087,0.7144425792117718,1.0,0.9850733439981257
25,nopt2,1.4224955699560349,0.7017650414440901,0.6096772328266439,0.4216333517716111
26,nopt0,4.86162706184712,0.8646715930909401,0.9726665054720638,0.9609809240913872
26,nopt1,3.77896884203768,0.6926870162056707,0.9484755313469345,0.9858676059418712
26,nopt2,0.7096387839101231,0.7100190270765779,0.6096772328266439,0.35739877122404057
27,nopt0,4.86162706184712,0.8646715930909401,0.9726665054720638,0.9609809240913872
27,nopt1,3.189177236303594,0.664490708008134,0.9297501934626725,0.9206721191153887
27,nopt2,1.9827102542406556,0.7462775403778565,0.5385248716514922,0.057626500448792875
28,nopt0,4.86162706184712,0.8646715930909401,0.9726665054720638,0.9609809240913872
28,nopt1,3.176470588235306,0.6042288552342039,0.9049691656475544,0.9226718125345562
28,nopt2,1.143338058001007,0.8225979677117999,0.012383790940214672,0.26663209622315287
29,nopt0,4.86162706184712,0.8646715930909401,0.9726665054720638,0.9609809240913872
29,nopt1,2.9863345135117685,0.608790832547025,0.8806379249893742,1.0
29,nopt2,2.1816355251033994,0.8095136171083576,0.07419206186520949,0.3601425312137849
30,nopt0,4.86162706184712,0.8646715930909401,0.9726665054720638,0.9609809240913872
30,nopt1,1.6824724796058577,0.5534567740949082,0.8806379249893742,1.0
30,nopt2,3.6400842969643694,0.859354655499778,0.022890040593563355,0.26663209622315287
31,nopt0,4.86162706184712,0.8646715930909401,0.9726665054720638,0.9609809240913872
31,nopt1,3.0590978159916475,0.5844658879671137,1.0,0.766564731838517
31,nopt2,3.1960839597312782,0.8356915679125901,0.6076786978325136,0.05043779945434769
32,nopt0,4.86162706184712,0.8646715930909401,0.9726665054720638,0.9609809240913872
32,nopt1,2.461974172244205,0.4629996468950619,0.921515166383891,0.8218641210445207
32,nopt2,3.60033969370315,0.9559960161773261,0.0,0.02847443863089244
33,nopt0,4.86162706184712,0.8646715930909401,0.9726665054720638,0.9609809240913872
33,nopt1,2.40986547119606,0.4912528078613341,0.9665768574712637,0.766564731838517
33,nopt2,1.6669457669303345,0.9269267691690605,0.6062196123537054,0.05009886916251792
34,nopt0,4.86162706184712,0.8646715930909401,0.9726665054720638,0.9609809240913872
34,nopt1,2.794006033930496,0.43180656458241085,0.8891391919163871,0.9854351054745377
34,nopt2,4.48783106009178,0.9824165058269335,0.7470426819679886,0.4427771292509362
35,nopt0,4.86162706184712,0.8646715930909401,0.9726665054720638,0.9609809240913872
35,nopt1,2.9011157732533324,0.3912499221631454,0.9284634335315783,0.8660377493522857
35,nopt2,1.5154898033214503,1.0237934922500918,0.0,0.05726593075460561
36,nopt0,4.86162706184712,0.8646715930909401,0.9726665054720638,0.9609809240913872
36,nopt1,2.786165097759203,0.461761256817711,1.0,0.975432857500908
36,nopt2,2.4034692071526838,0.9528472238493484,0.0,0.0
37,nopt0,4.86162706184712,0.8646715930909401,0.9726665054720638,0.9609809240913872
37,nopt1,4.479948257078967,0.4486495230521672,0.8760383174549332,0.9299089031333957
37,nopt2,2.414405223181043,0.9567598227836892,0.01178012483280165,0.0
38,nopt0,4.86162706184712,0.8646715930909401,0.9726665054720638,0.9609809240913872
38,nopt1,2.3232730296603465,0.45979207451134724,0.9992919608604519,0.9608652259110089
38,nopt2,2.5674215937914115,0.9547717568776141,0.0,0.0
39,nopt0,4.86162706184712,0.8646715930909401,0.9726665054720638,0.9609809240913872
39,nopt1,3.9333488200610836,0.39568485044693197,0.9860961276890389,0.9842111925733315
39,nopt2,1.6711636758202237,1.0251218398403756,0.5079137233749735,0.1917619600378156
40,nopt0,4.86162706184712,0.8646715930909401,0.9726665054720638,0.9609809240913872
40,nopt1,3.8549986387893593,0.4346844057820559,0.9860961276890389,0.9941417599622373
40,nopt2,2.840487184391552,0.9795351296266444,0.06642997721646511,0.032477875817429294
41,nopt0,4.86162706184712,0.8646715930909401,0.9726665054720638,0.9609809240913872
41,nopt1,2.6152757652466314,0.4447548449446226,0.9479665947282827,1.0
41,nopt2,1.8228891949987618,0.9741716858993005,0.0,0.16160990588715607
42,nopt0,4.86162706184712,0.8646715930909401,0.9726665054720638,0.9609809240913872
42,nopt1,4.56092386268695,0.4801990280798827,1.0,1.0
42,nopt2,2.824690964323517,0.9645584641164152,0.0776491391630515,0.02530172506752584
43,nopt0,4.86162706184712,0.8646715930909401,0.9726665054720638,0.9609809240913872
43,nopt1,4.400718022607185,0.39100295987637523,0.9957652358374335,0.9921254076821151
43,nopt2,2.973525201762334,1.0351021373942497,0.030441140915485998,0.11334289567976566
44,nopt0,4.86162706184712,0.8646715930909401,0.9726665054720638,0.9609809240913872
44,nopt1,3.7083617098657333,0.3675901158483438,0.9363665179637862,0.9382546491173952
44,nopt2,1.6711636758202237,1.052521550064387,0.01178012483280165,0.0
45,nopt0,4.86162706184712,0.8646715930909401,0.9726665054720638,0.9609809240913872
45,nopt1,4.1480096896720315,0.34663478846974827,1.0,0.9842111925733315
45,nopt2,1.3576564853982016,1.0819285965865055,0.10977471150847873,0.1894368499565673
46,nopt0,4.86162706184712,0.8646715930909401,0.9726665054720638,0.9609809240913872
46,nopt1,4.059238998748733,0.31977416800233155,1.0,1.0
46,nopt2,2.0,1.103134841858133,0.19310162374940174,0.09712652215978045
47,nopt0,4.86162706184712,0.8646715930909401,0.9726665054720638,0.9609809240913872
47,nopt1,3.176470588235306,0.3590918125083316,1.0,1.0
47,nopt2,2.0,1.0753815844664243,0.051137948844704774,0.18777618223253573
48,nopt0,4.86162706184712,0.8646715930909401,0.9726665054720638,0.9609809240913872
48,nopt1,3.176470588235306,0.34954033640831716,1.0,0.9845939981593269
48,nopt2,1.2511422384556687,1.0721422080396217,0.12468900479690437,0.09712652215978045
49,nopt0,4.86162706184712,0.8646715930909401,0.9726665054720638,0.9609809240913872
49,nopt1,4.072929810300316,0.34702764317171353,0.9114363763551405,1.0
49,nopt2,2.991361600278071,1.0688155025046533,0.04480657211814338,0.18777618223253573
50,nopt0,4.86162706184712,0.8646715930909401,0.9726665054720638,0.9609809240913872
50,nopt1,3.6229402259154773,0.3145231328481783,1.0,0.9161950612137711
50,nopt2,2.256069967505085,1.1079044430817575,0.04480657211814338,0.18777618223253573
51,nopt0,4.86162706184712,0.8646715930909401,0.9726665054720638,0.9609809240913872
51,nopt1,3.777778265612022,0.2904971138122293,1.0,0.9822221858862809
51,nopt2,3.4123113172428825,1.1312602559047746,0.0,0.0
52,nopt0,4.86162706184712,0.8646715930909401,0.9726665054720638,0.9609809240913872
52,nopt1,3.866688513607668,0.2675301615115533,0.9680506204466202,0.8912342817206863
52,nopt2,1.9646427743066102,1.1507740452290187,0.24272172401183145,0.0
53,nopt0,4.8996596484909265,0.1523858551848772,0.8785519241984877,0.9711872290062247
53,nopt1,4.8996596484909265,0.25626888293683575,0.9680506204466202,1.0
53,nopt2,1.1847573282071142,1.155667061917333,0.007667734296833597,0.0
54,nopt0,4.8996596484909265,0.1523858551848772,0.8785519241984877,0.9711872290062247
54,nopt1,3.442605368055313,0.30910010257176257,0.9582465834900139,1.0
54,nopt2,2.1162270197603505,1.112821628266963,0.18420284365563985,0.2165463675621094
55,nopt0,4.8996596484909265,0.1523858551848772,0.8785519241984877,0.9711872290062247
55,nopt1,3.176470588235306,0.2608805973354613,1.0,1.0
55,nopt2,2.3871910289740494,1.1533930783911686,0.4565780059474352,0.13471954917978912
56,nopt0,4.8996596484909265,0.1523858551848772,0.8785519241984877,0.9711872290062247
56,nopt1,4.007225156616018,0.30163902073809223,1.0,0.9426278682605789
56,nopt2,1.052274319498058,1.1127616406274436,0.4565780059474352,0.13471954917978912
57,nopt0,4.8996596484909265,0.1523858551848772,0.8785519241984877,0.9711872290062247
57,nopt1,2.5440659929536267,0.24727222944914995,1.0,0.9329372629807032
57,nopt2,1.409505136256212,1.1672359392505274,0.05328910002399696,0.08985928401930313
58,nopt0,4.8996596484909265,0.1523858551848772,0.8785519241984877,0.9711872290062247
58,nopt1,2.2455663182584273,0.21362679632798243,1.0,0.9329372629807032
58,nopt2,3.0626487427166653,1.2021152034574536,0.004852158903871334,0.1767334292690912
59,nopt0,4.8996596484909265,0.1523858551848772,0.8785519241984877,0.9711872290062247
59,nopt1,3.327382503510288,0.18139113015032632,1.0,1.0
59,nopt2,2.5107182678849043,1.2368906637342811,0.4685088937390076,0.19948031047729867
60,nopt0,4.8996596484909265,0.1523858551848772,0.8785519241984877,0.9711872290062247
60,nopt1,2.0275823601787395,0.19581251731198104,1.0,0.9835596053859776
60,nopt2,2.99852875270669,1.2234379758082627,0.4565780059474352,0.0
61,nopt0,4.8996596484909265,0.1523858551848772,0.8785519241984877,0.9711872290062247
61,nopt1,2.150799787879655,0.20326570827556747,1.0,1.0
61,nopt2,2.0866120961339196,1.21193797958771,0.04215893445013896,0.11675358906671658
62,nopt0,4.8996596484909265,0.1523858551848772,0.8785519241984877,0.9711872290062247
62,nopt1,4.427687316498735,0.22930447785949218,1.0,0.8991777962152004
62,nopt2,0.2204449644298908,1.1869914369348205,0.0,0.07945650966451567
63,nopt0,4.8996596484909265,0.1523858551848772,0.8785519241984877,0.9711872290062247
63,nopt1,2.6645441591419083,0.2406320710952362,0.9990281155951947,1.0
63,nopt2,2.596147408022104,1.1830682904000502,0.5140716755958276,0.08330928207653365
64,nopt0,4.8996596484909265,0.1523858551848772,0.8785519241984877,0.9711872290062247
64,nopt1,3.2731482990312584,0.2531091375608553,1.0,0.870341239535336
64,nopt2,2.9293650007097582,1.1717671187160177,0.04645301285407339,0.14994047448126274
65,nopt0,4.8996596484909265,0.1523858551848772,0.8785519241984877,0.9711872290062247
65,nopt1,2.16370685762842,0.26223536894797383,0.9173753090940624,0.9598108021861514
65,nopt2,2.8632609841023466,1.1609073388910143,0.35075090683893206,0.12930827296290207
66,nopt0,4.8996596484909265,0.1523858551848772,0.8785519241984877,0.9711872290062247
66,nopt1,2.0040259710290425,0.278997006769353,0.9408763416163443,1.0
66,nopt2,2.7138005447385027,1.147868919301054,0.0,0.33786785449341855
67,nopt0,4.8996596484909265,0.1523858551848772,0.8785519241984877,0.9711872290062247
67,nopt1,2.1094858504945084,0.2627838941766726,1.0,0.8003302173293052
67,nopt2,3.1983569974222057,1.1630692662902335,0.019080657138881983,0.3117373008468233
68,nopt0,4.8996596484909265,0.1523858551848772,0.8785519241984877,0.9711872290062247
68,nopt1,2.455401394349427,0.2795031632228777,0.9138630226428768,0.9676374743733143
68,nopt2,2.1790936345539555,1.144524370902843,0.0,0.2701183783170915
69,nopt0,4.8996596484909265,0.1523858551848772,0.8785519241984877,0.9711872290062247
69,nopt1,3.276411640167582,0.308338142669305,0.817390573680494,0.9453072622142719
69,nopt2,3.1983569974222057,1.1166312945324477,0.06844733863159137,0.13680977849238246
70,nopt0,4.8996596484909265,0.1523858551848772,0.8785519241984877,0.9711872290062247
70,nopt1,3.4717174992295137,0.3032078077225604,0.9408763416163443,1.0
70,nopt2,2.7075461670243834,1.1199830073981625,0.0886637559029074,0.2609240671099182
71,nopt0,4.8996596484909265,0.1523858551848772,0.8785519241984877,0.9711872290062247
71,nopt1,3.652403597553224,0.28704473740678166,0.653817235794276,0.9671867467992242
71,nopt2,2.0876732778021525,1.127170436506252,0.333071711817846,0.41440883822350466
72,nopt0,4.8996596484909265,0.1523858551848772,0.8785519241984877,0.9711872290062247
72,nopt1,2.7638041281894448,0.26535265753684806,0.9504053519099732,0.9752461961197733
72,nopt2,3.115268784135945,1.1566722402042953,0.3364837096128683,0.0
73,nopt0,4.8996596484909265,0.1523858551848772,0.8785519241984877,0.9711872290062247
73,nopt1,2.567881549730498,0.284414486066829,0.9504053519099732,0.9752461961197733
73,nopt2,1.5455919195486685,1.1300055645082214,0.3364837096128683,0.15472816002894352
74,nopt0,4.8996596484909265,0.1523858551848772,0.8785519241984877,0.9711872290062247
74,nopt1,3.601244528314407,0.2777145093718279,0.8883234387866885,0.9996605352347382
74,nopt2,2.3278386665834194,1.096068636566307,0.09030218396293892,0.0738988575401895
75,nopt0,4.8996596484909265,0.1523858551848772,0.8785519241984877,0.9711872290062247
75,nopt1,3.1430504513002377,0.31940801988242745,0.9537277043282495,0.9671867467992242
75,nopt2,3.2535224621098813,1.0509754629540702,0.333071711817846,0.17918260677577813
76,nopt0,4.8996596484909265,0.1523858551848772,0.8785519241984877,0.9711872290062247
76,nopt1,3.7379411654926766,0.3086899789675912,0.8866692752686258,0.8175657380068199
76,nopt2,0.5203968194641752,1.0568437722889905,0.19975850650807897,0.08287117144531748
77,nopt0,4.973035638803477,0.26610639964592564,0.9776381202277175,0.9646545698119193
77,nopt1,4.973035638803477,0.2962651773559844,0.8168810288070893,1.0
77,nopt2,3.461448504207601,1.0708525589292397,0.41266464318299007,0.3039461121804479
78,nopt0,4.973035638803477,0.26610639964592564,0.9776381202277175,0.9646545698119193
78,nopt1,2.92937300321217,0.3042401966232869,0.5999629292258113,0.9953191669928033
78,nopt2,2.27907580165647,1.066811429740766,0.09759532674252658,0.01087872487166136
79,nopt0,4.973035638803477,0.26610639964592564,0.9776381202277175,0.9646545698119193
79,nopt1,2.120240664101048,0.3430909845116317,0.9837621692180959,0.9860454608983193
79,nopt2,2.0524450324512724,1.048644581968485,0.09485528391723609,0.008249146791477355
80,nopt0,4.973035638803477,0.26610639964592564,0.9776381202277175,0.9646545698119193
80,nopt1,3.270082003429589,0.34007953466242996,0.8758572593293741,1.0
80,nopt2,1.82255184011612,1.0700452575783668,0.13951441706362355,0.03833530548515758
81,nopt0,4.973035638803477,0.26610639964592564,0.9776381202277175,0.9646545698119193
81,nopt1,2.7126437046598837,0.4021300301524921,0.8097564945165427,0.9106388754866555
81,nopt2,3.209673282910406,1.0099094647114448,0.10290647464627771,0.18287197874050531
82,nopt0,4.973035638803477,0.26610639964592564,0.9776381202277175,0.9646545698119193
82,nopt1,4.124228631630268,0.36807063651632776,0.9254463948224461,0.9437888540073186
82,nopt2,0.5214314553223384,1.054982630489386,0.07468215572621792,0.12348777555775921
83,nopt0,4.973035638803477,0.26610639964592564,0.9776381202277175,0.9646545698119193
83,nopt1,2.4183140033606594,0.3483362575462366,1.0,0.9186876463231268
83,nopt2,1.3666576677902935,1.040342548045779,0.15442234404096417,0.008249146791477355
84,nopt0,4.973035638803477,0.26610639964592564,0.9776381202277175,0.9646545698119193
84,nopt1,2.8950870354581606,0.3873470261055188,0.9010165529924563,0.950394921257118
84,nopt2,1.9533202998337575,1.009019836597472,0.24464100685732865,0.07423861094135446
85,nopt0,4.973035638803477,0.26610639964592564,0.9776381202277175,0.9646545698119193
85,nopt1,3.5126549382054923,0.39179402597241414,0.9451910775476495,0.9437550905938594
85,nopt2,1.9186881161833624,0.997503925340738,0.0,0.04443656549891541
86,nopt0,4.973035638803477,0.26610639964592564,0.9776381202277175,0.9646545698119193
86,nopt1,2.5445246484745705,0.3983082280311401,0.6480433716244964,0.9646904360653317
86,nopt2,3.02557824537843,1.027858828418998,0.17697471716495314,0.15383327568015032
87,nopt0,4.973035638803477,0.26610639964592564,0.9776381202277175,0.9646545698119193
87,nopt1,4.00672888787572,0.45590840696380297,0.906419235470588,1.0
87,nopt2,1.1473249659288094,0.9727843431048822,0.08054805603862661,0.19193494042095335
88,nopt0,4.973035638803477,0.26610639964592564,0.9776381202277175,0.9646545698119193
88,nopt1,3.4803062839267858,0.3919265658239885,0.927801315130683,0.9402576680873834
88,nopt2,0.671372845113876,1.021420631628575,0.05497932744592544,0.22771114468162754
89,nopt0,4.973035638803477,0.26610639964592564,0.9776381202277175,0.9646545698119193
89,nopt1,3.176470588235306,0.41616954572728465,0.8817934384415658,0.984166709455927
89,nopt2,1.2888656073930302,0.9849239922624047,0.008614982234573389,0.10852046710706097
90,nopt0,4.973035638803477,0.26610639964592564,0.9776381202277175,0.9646545698119193
90,nopt1,3.1729250924871333,0.42034023376515495,0.6613350907951022,0.8509772484666515
90,nopt2,2.881721069019186,1.0061965447034036,0.10021404266325107,0.20812005451871043
91,nopt0,4.973035638803477,0.26610639964592564,0.9776381202277175,0.9646545698119193
91,nopt1,4.234987989290844,0.38414675774582324,0.9043203740454115,0.6156661347787482
91,nopt2,1.3914405430643182,1.032452339247205,0.06044166692769796,0.4049300043345695
92,nopt0,4.973035638803477,0.26610639964592564,0.9776381202277175,0.9646545698119193
92,nopt1,1.7106918858897728,0.38379889993052985,0.6108764346272028,1.0
92,nopt2,3.0502042038346495,1.009967001909998,0.11274816454065147,0.1855062825715368
93,nopt0,4.973035638803477,0.26610639964592564,0.9776381202277175,0.9646545698119193
93,nopt1,3.5913951634362817,0.4094434481270511,0.8401896879530559,0.9293544370924357
93,nopt2,0.289135192013915,1.034782493899281,0.10021404266325107,0.28666658489662056
94,nopt0,4.973035638803477,0.26610639964592564,0.9776381202277175,0.9646545698119193
94,nopt1,3.994320817033766,0.3373544740450862,0.8586765488099612,0.9813139615033908
94,nopt2,2.402523220968638,1.0318055522150398,0.10727577801798918,0.07939067512682998
95,nopt0,4.973035638803477,0.26610639964592564,0.9776381202277175,0.9646545698119193
95,nopt1,3.6188625902966476,0.43682947944633593,0.6108764346272028,1.0
95,nopt2,2.2660528275106384,1.1034224738791643,0.0,0.07027735440645075
96,nopt0,4.973035638803477,0.26610639964592564,0.9776381202277175,0.9646545698119193
96,nopt1,4.4377453855778795,0.39398897986456327,0.9247666108968835,0.9585835974305482
96,nopt2,3.603936934014505,1.0888042619310012,0.40504877973417935,0.043712433085365404
97,nopt0,4.973035638803477,0.26610639964592564,0.9776381202277175,0.9646545698119193
97,nopt1,2.202725077950541,0.41572490863901623,0.4863827472196628,0.8458184069749591
97,nopt2,3.508913638243415,1.038992201870017,0.1944367387443706,0.17798864864826353
98,nopt0,4.973035638803477,0.26610639964592564,0.9776381202277175,0.9646545698119193
98,nopt1,2.202725077950541,0.4095152434619324,1.0,1.0
98,nopt2,2.173574132016712,1.0033105911444506,0.40504877973417935,0.2565487108971824
99,nopt0,4.973035638803477,0.26610639964592564,0.9776381202277175,0.9646545698119193
99,nopt1,3.176470588235306,0.44169698355919335,1.0,0.9652769051542981
99,nopt2,2.754869078144434,1.0221119804165077,0.13639923615319943,0.16936724590000324
100,nopt0,4.973035638803477,0.26610639964592564,0.9776381202277175,0.9646545698119193
100,nopt1,2.149169718703249,0.44292790117159636,0.8132101075083089,0.9033653313440302
100,nopt2,1.264170111229875,0.994983297170669,0.31023155256388857,0.027645157185524113
101,nopt0,4.973035638803477,0.26610639964592564,0.9776381202277175,0.9646545698119193
101,nopt1,1.9738788443613182,0.4080558229244994,0.5734853642349406,1.0
101,nopt2,1.2818937228609102,1.0179313786058604,0.11145074360664471,0.0
102,nopt0,4.973035638803477,0.26610639964592564,0.9776381202277175,0.9646545698119193
102,nopt1,3.3432806312587,0.4542439204601275,0.6250632225016824,1.0
102,nopt2,1.8206864380438987,1.0382496337304916,0.4017218137833924,0.36875114346499627
103,nopt0,4.973035638803477,0.26610639964592564,0.9776381202277175,0.9646545698119193
103,nopt1,2.658358855109804,0.4691784677973544,0.6352926706712203,0.908332525167912
103,nopt2,1.8085139238185306,1.0846882399922022,0.12856610179099534,0.19391622145458612
104,nopt0,4.973035638803477,0.26610639964592564,0.9776381202277175,0.9646545698119193
104,nopt1,2.597428018340815,0.5054380144904882,0.4976633306799272,0.908332525167912
104,nopt2,4.23399141993238,1.0772805432422157,0.4591065685480566,0.0
105,nopt0,4.973035638803477,0.26610639964592564,0.9776381202277175,0.9646545698119193
105,nopt1,2.611061260241619,0.5125356759576956,0.6023987655210212,0.9459460658947161
105,nopt2,3.034483985366057,1.0955347315013886,0.10236563073279575,0.2609886642985432
106,nopt0,4.973035638803477,0.26610639964592564,0.9776381202277175,0.9646545698119193
106,nopt1,3.8688467361990653,0.4855900931322193,0.7231351620315253,1.0
106,nopt2,1.929329726134466,1.1309459972064797,0.257840971420139,0.36875114346499627
107,nopt0,4.973035638803477,0.26610639964592564,0.9776381202277175,0.9646545698119193
107,nopt1,1.475448955618126,0.5077610289126159,0.5661534974806041,0.9158565387049085
107,nopt2,2.131391831168849,1.108099789673777,0.27126836178022723,0.12694019873980508
108,nopt0,4.973035638803477,0.26610639964592564,0.9776381202277175,0.9646545698119193
108,nopt1,2.039292260534493,0.5560306736648953,0.6679473225585705,1.0
108,nopt2,2.5170255792966256,1.0749129952880976,0.26912898033884747,0.21624426265436547
109,nopt0,4.973035638803477,0.26610639964592564,0.9776381202277175,0.9646545698119193
109,nopt1,3.8935213160367623,0.5656590743402858,0.6338096950870257,1.0
109,nopt2,0.7044711733554834,1.0804608791158756,0.2103351744455828,0.0
110,nopt0,4.973035638803477,0.26610639964592564,0.9776381202277175,0.9646545698119193
110,nopt1,3.423271219689613,0.5326564520923492,0.6774015566721598,1.0
110,nopt2,2.6024588117622782,1.0356058669601136,0.379546856280081,0.4245513144421129
111,nopt0,4.973035638803477,0.26610639964592564,0.9776381202277175,0.9646545698119193
111,nopt1,2.4345510379285757,0.5366075129335417,0.6607300453256559,0.9125177120541437
111,nopt2,0.6290795244688828,1.0511888697973204,0.2723973145487991,0.010255801138848145
112,nopt0,4.973035638803477,0.26610639964592564,0.9776381202277175,0.9646545698119193
112,nopt1,3.4561294070328876,0.5198219156750874,0.570117050827969,0.9447330270358746
112,nopt2,2.6746621327416746,1.0551932881650417,0.2224968178301167,0.0559443775400678
113,nopt0,4.973035638803477,0.26610639964592564,0.9776381202277175,0.9646545698119193
113,nopt1,1.3740035754759075,0.5018717507763574,0.6327276523116984,1.0
113,nopt2,3.0442199040154048,1.0751040376983596,0.22419956251242934,0.30793675335168474
114,nopt0,4.973035638803477,0.26610639964592564,0.9776381202277175,0.9646545698119193
114,nopt1,3.020496773561687,0.5086414080525093,0.5879682835744683,0.8952019072087544
114,nopt2,1.046400819529318,1.1137902831380628,0.13843661029963503,0.42775619177386515
115,nopt0,4.973035638803477,0.26610639964592564,0.9776381202277175,0.9646545698119193
115,nopt1,3.9647548172948532,0.5820221776553981,0.6415925365292092,0.9039997958576076
115,nopt2,1.243739709948152,1.104542512333465,0.022557759054738502,0.3661264920374698
116,nopt0,4.973035638803477,0.26610639964592564,0.9776381202277175,0.9646545698119193
116,nopt1,1.8687338028757083,0.5646681516294537,0.35459498147475815,0.884395093143224
116,nopt2,2.1545807964018997,1.1014131760385768,0.09923660912543159,0.3710808294529123
117,nopt0,4.973035638803477,0.26610639964592564,0.9776381202277175,0.9646545698119193
117,nopt1,1.9344834296144566,0.5850269529564036,0.313429869114447,0.8278514099086807
117,nopt2,1.6115769871202192,1.0484819479208383,0.30448303515370073,0.322404916697533
118,nopt0,4.973035638803477,0.26610639964592564,0.9776381202277175,0.9646545698119193
118,nopt1,3.448859992991042,0.5773701257831617,0.7461519460167376,0.8698189804782454
118,nopt2,3.370954288566418,1.0301213158470457,0.07935049947876988,0.0
119,nopt0,4.973035638803477,0.26610639964592564,0.9776381202277175,0.9646545698119193
119,nopt1,1.7226112834690364,0.6598762145480379,0.6415925365292092,0.9039997958576076
119,nopt2,3.0761305560657113,0.9926128238343175,0.1548074458360738,0.47392161435466873
120,nopt0,4.973035638803477,0.26610639964592564,0.9776381202277175,0.9646545698119193
120,nopt1,4.00565161641908,0.6419935423362065,0.5571631802501623,0.8098329567580915
120,nopt2,4.05161897928017,0.9973264095088268,0.0,0.30793675335168474
121,nopt0,4.973035638803477,0.26610639964592564,0.9776381202277175,0.9646545698119193
121,nopt1,1.248644189550684,0.6385854915315242,0.5786540923441041,0.8973277574716011
121,nopt2,1.204159858638189,1.0413549022147175,0.1548074458360738,0.43320603057485774
122,nopt0,4.973035638803477,0.26610639964592564,0.9776381202277175,0.9646545698119193
122,nopt1,2.3053444404769032,0.6645235642558714,0.4824678118020185,0.8238688239418123
122,nopt2,3.2001838871846306,1.0392934464166654,0.31471433723968,0.0
123,nopt0,4.973035638803477,0.26610639964592564,0.9776381202277175,0.9646545698119193
123,nopt1,2.995394406192915,0.6722180724515611,0.7524151895080997,0.8705060236630099
123,nopt2,2.2461583291577747,1.0422137734366421,0.06458693150325479,0.03524379282728887
124,nopt0,4.973035638803477,0.26610639964592564,0.9776381202277175,0.9646545698119193
124,nopt1,2.04781207898498,0.612986127132119,0.6957565115726763,0.8705060236630099
124,nopt2,2.3103731927801037,1.025060456180849,0.03887769771044097,0.3310627114882807
125,nopt0,4.973035638803477,0.26610639964592564,0.9776381202277175,0.9646545698119193
125,nopt1,4.352757887078909,0.5814891087269006,0.6957565115726763,0.8705060236630099
125,nopt2,2.9958992110609763,1.0829006426930707,0.06088028264152665,0.45467559485574016
126,nopt0,4.973035638803477,0.26610639964592564,0.9776381202277175,0.9646545698119193
126,nopt1,2.1641888003488385,0.5754173052771705,0.5677942883274281,0.8888338682225522
126,nopt2,2.319942056137942,1.034169411841091,0.004116247194003629,0.4633188610033184
127,nopt0,4.973035638803477,0.26610639964592564,0.9776381202277175,0.9646545698119193
127,nopt1,3.9925294252398817,0.6155857097513523,0.7385944333402423,0.9689113644269716
127,nopt2,4.063301854396733,1.0538025770420467,0.17416432617826336,0.34236435818369554
128,nopt0,4.973035638803477,0.26610639964592564,0.9776381202277175,0.9646545698119193
128,nopt1,2.703345497002113,0.594581379971843,0.8182256597057279,0.9328588076248503
128,nopt2,2.13214858075299,1.0652454912075766,0.03588401280226494,0.21158050096462222
129,nopt0,4.973035638803477,0.26610639964592564,0.9776381202277175,0.9646545698119193
129,nopt1,2.194820231128234,0.6310544627333364,0.5265210739164131,0.9689113644269716
129,nopt2,2.2492695923383383,1.0773921039023255,0.10196480960881872,0.21158050096462222
130,nopt0,4.973035638803477,0.26610639964592564,0.9776381202277175,0.9646545698119193
130,nopt1,3.9659704705318464,0.6327886030056722,0.4442324543910629,0.8834238833898267
130,nopt2,2.293566407119254,1.0836698157743456,0.16539536666766658,0.18451061104231153
131,nopt0,4.973035638803477,0.26610639964592564,0.9776381202277175,0.9646545698119193
131,nopt1,4.638006701081013,0.604529331606113,0.6319446965770118,0.7644062777021104
131,nopt2,1.0715232139800812,1.0734374316258453,0.04255600168542083,0.28643795838532976
132,nopt0,4.973035638803477,0.26610639964592564,0.9776381202277175,0.9646545698119193
132,nopt1,2.840627593719491,0.656143825982191,0.53478266336231,0.760815607431875
132,nopt2,3.8740718378185934,1.0247696703991716,0.0512276336159599,0.03835054617557914
133,nopt0,4.973035638803477,0.26610639964592564,0.9776381202277175,0.9646545698119193
133,nopt1,3.3073535655744966,0.6343475040669266,0.4915359851906955,0.760815607431875
133,nopt2,2.6141430145456965,1.0023000610268051,0.06255644191520553,0.04905798392559559
134,nopt0,4.973035638803477,0.26610639964592564,0.9776381202277175,0.9646545698119193
134,nopt1,3.259999572476834,0.6448504552096103,0.47420256820118606,0.8794352764983995
134,nopt2,1.0278178874710258,1.0233192298294802,0.0,0.0
135,nopt0,4.973035638803477,0.26610639964592564,0.9776381202277175,0.9646545698119193
135,nopt1,2.7451101439451624,0.6574482776043504,0.5218448234295929,0.9915110828858503
135,nopt2,3.513839680646007,1.0347294755999263,0.11038373747659427,0.020374524921539693
136,nopt0,4.973035638803477,0.26610639964592564,0.9776381202277175,0.9646545698119193
136,nopt1,2.99658473665322,0.6751641914971199,0.30341905866261587,0.9905473176367576
136,nopt2,3.6436027558766417,1.0486435156798357,0.11720748951566817,0.33250651163697686
137,nopt0,4.973035638803477,0.26610639964592564,0.9776381202277175,0.9646545698119193
137,nopt1,4.338762225072928,0.6491695612114221,0.38755628033209116,1.0
137,nopt2,2.4772250587842586,1.048215024992604,0.06357021147317751,0.5289870395970548
138,nopt0,4.973035638803477,0.26610639964592564,0.9776381202277175,0.9646545698119193
138,nopt1,4.614380014064263,0.6594097756498686,0.30341905866261587,0.9098688317535488
138,nopt2,1.1716549925200899,1.0313691363684707,0.23888629561792976,0.4858379846871066
139,nopt0,4.973035638803477,0.26610639964592564,0.9776381202277175,0.9646545698119193
139,nopt1,3.360070225118406,0.6406385721129645,0.5029201361324591,1.0
139,nopt2,3.2020197917052027,1.0036054979186941,0.23888629561792976,0.4858379846871066
140,nopt0,4.973035638803477,0.26610639964592564,0.9776381202277175,0.9646545698119193
140,nopt1,2.6787560431942743,0.6233680886027195,0.18389935561563878,0.9952327043801174
140,nopt2,3.937826341681191,0.9485155030749761,0.01979217850700972,0.38817695107711225
141,nopt0,4.973035638803477,0.26610639964592564,0.9776381202277175,0.9646545698119193
141,nopt1,3.5650023799053274,0.607986449835284,0.38588650724414514,0.9920048205789653
141,nopt2,3.743327713768614,0.8989523201124122,0.23888629561792976,0.5000934834208994
142,nopt0,4.973035638803477,0.26610639964592564,0.9776381202277175,0.9646545698119193
142,nopt1,3.159126885702464,0.6026828806319932,0.22994338463558966,0.9952327043801174
142,nopt2,4.35744560248699,0.9228268362217183,0.0,0.2248786336329309
143,nopt0,4.973035638803477,0.26610639964592564,0.9776381202277175,0.9646545698119193
143,nopt1,4.71105585311569,0.6013233244514086,0.3047946400346712,0.9024631257854228
143,nopt2,1.1102925762749059,0.8999178830312947,0.0,0.18465301149168253
144,nopt0,4.973035638803477,0.26610639964592564,0.9776381202277175,0.9646545698119193
144,nopt1,2.017638735559795,0.6020920036800307,0.33555012624160147,0.9920048205789653
144,nopt2,2.517935281733104,0.926456292134774,0.0,0.18465301149168253
145,nopt0,4.973035638803477,0.26610639964592564,0.9776381202277175,0.9646545698119193
145,nopt1,2.926931805812993,0.5779436527535656,0.22994338463558966,1.0
145,nopt2,1.8794792098889732,0.8606949676989736,0.19806367525599342,0.4781136212563326
146,nopt0,4.973035638803477,0.26610639964592564,0.9776381202277175,0.9646545698119193
146,nopt1,1.89948882207599,0.5991866132391981,0.22994338463558966,0.9864097820359569
146,nopt2,3.3252481009202213,0.941460396173417,0.027082135640373293,0.6943695891272877
147,nopt0,4.973035638803477,0.26610639964592564,0.9776381202277175,0.9646545698119193
147,nopt1,3.538361602308173,0.5941699657269488,0.31991989471069826,0.9379108120754536
147,nopt2,3.312326862054813,0.9781539341068625,0.03879770771661342,0.47339293779586245
148,nopt0,4.973035638803477,0.26610639964592564,0.9776381202277175,0.9646545698119193
148,nopt1,3.3160587895516125,0.6206478336865853,0.037963160236812746,1.0
148,nopt2,1.8291814935686217,0.9949228811961826,0.047165240701703665,0.450059270171047
149,nopt0,4.973035638803477,0.26610639964592564,0.9776381202277175,0.9646545698119193
149,nopt1,2.76735309125522,0.5972238898090734,0.2577957681850555,0.9423417792092212
149,nopt2,3.312215189096147,0.9774233470280149,0.18485193097598443,0.4237181321170456
150,nopt0,4.973035638803477,0.26610639964592564,0.9776381202277175,0.9646545698119193
150,nopt1,2.223117942903288,0.6099442271353634,0.24062544033792843,0.9423417792092212
150,nopt2,4.107647146525007,0.9684147899608502,0.10235912939501007,0.44320953880607916
151,nopt0,4.973035638803477,0.26610639964592564,0.9776381202277175,0.9646545698119193
151,nopt1,2.234710237028656,0.6241746409340869,0.20806414326773887,1.0
151,nopt2,1.3087266865365563,0.9877579514824167,0.1024919305704077,0.4362054019493383
152,nopt0,4.973035638803477,0.26610639964592564,0.9776381202277175,0.9646545698119193
152,nopt1,1.758539819641692,0.6213656919820574,0.3687466488816338,0.774973796358728
152,nopt2,2.2641765072828886,0.9941834291457505,0.052915508987957494,0.28085844422188067
153,nopt0,4.973035638803477,0.26610639964592564,0.9776381202277175,0.9646545698119193
153,nopt1,0.8165755731222997,0.6307151345868273,0.218550860158503,0.9641128548649247
153,nopt2,0.609988632379973,0.9686479702307796,0.052915508987957494,0.5984313193109958
154,nopt0,4.973035638803477,0.26610639964592564,0.9776381202277175,0.9646545698119193
154,nopt1,0.7426215543006168,0.6454385585027483,0.39130859584237904,0.9839130705796529
154,nopt2,2.201853437524897,0.9590768208639314,0.022271871036304562,0.5780286207141662
155,nopt0,4.973035638803477,0.26610639964592564,0.9776381202277175,0.9646545698119193
155,nopt1,2.730606805413509,0.6205124984069305,0.5754545547744289,0.9473266871308945
155,nopt2,2.0,0.9738360488774903,0.0026633610861902923,0.5291276339230244
156,nopt0,4.973035638803477,0.26610639964592564,0.9776381202277175,0.9646545698119193
156,nopt1,2.129047054191199,0.6339570545987161,0.5754545547744289,0.886946257562448
156,nopt2,2.014179723239861,0.9845216366215596,0.0967707799912372,0.27416991653038353
157,nopt0,4.973035638803477,0.26610639964592564,0.9776381202277175,0.9646545698119193
157,nopt1,2.497618375007218,0.6453568801131077,0.3906815445532949,0.9697323581059223
157,nopt2,2.0,0.9890618713006225,0.12625302400659813,0.0
158,nopt0,4.973035638803477,0.26610639964592564,0.9776381202277175,0.9646545698119193
158,nopt1,2.8957052246246877,0.6706244799088693,0.3275384317835114,0.8623174464493326
158,nopt2,3.48466639803648,0.9697213592900242,0.0,0.15817033306647302
159,nopt0,4.973035638803477,0.26610639964592564,0.9776381202277175,0.9646545698119193
159,nopt1,2.9814227432903833,0.6571883815861869,0.09486184934084364,0.9556291825206011
159,nopt2,1.1243258911624143,0.9556866156458033,0.6676213182245712,0.27416991653038353
160,nopt0,4.973035638803477,0.26610639964592564,0.9776381202277175,0.9646545698119193
160,nopt1,2.6449838603693023,0.6376932204250717,0.3711397587078996,0.7165663972261739
160,nopt2,3.927488892067118,0.9707511779207132,0.09714210153218222,0.6515245464169852
161,nopt0,4.973035638803477,0.26610639964592564,0.9776381202277175,0.9646545698119193
161,nopt1,4.055300034820778,0.6315676623124553,0.25787484968422436,0.9297077240602101
161,nopt2,3.8602017457519535,0.9505831635479114,0.0,0.6936265134134125
162,nopt0,4.973035638803477,0.26610639964592564,0.9776381202277175,0.9646545698119193
162,nopt1,3.131154927705226,0.6376101731924709,0.3906815445532949,0.9283741130845868
162,nopt2,1.6886581784304764,0.9503362098720116,0.049684033341751754,0.6663167916759091
163,nopt0,4.973035638803477,0.26610639964592564,0.9776381202277175,0.9646545698119193
163,nopt1,3.07678548256324,0.6581439026408672,0.13263910681022234,0.9694325073917925
163,nopt2,2.332281142163661,0.918866816433067,0.046044683014727014,0.6838207787734789
164,nopt0,4.973035638803477,0.26610639964592564,0.9776381202277175,0.9646545698119193
164,nopt1,2.3442002316796144,0.6243913651125995,0.33353622387154636,0.97878455136415
164,nopt2,2.0122212897030107,0.9045875094778958,0.5383530784709819,0.2591121711607871
165,nopt0,4.973035638803477,0.26610639964592564,0.9776381202277175,0.9646545698119193
165,nopt1,2.768672770415244,0.6634184464161812,0.3711397587078996,1.0
165,nopt2,1.6295559628735217,0.9113835077619153,0.5108616669601826,0.7100011806401025
166,nopt0,4.973035638803477,0.26610639964592564,0.9776381202277175,0.9646545698119193
166,nopt1,3.6733053913546594,0.6588996043168223,0.1935440316185931,0.9379410497428102
166,nopt2,1.0684505981667942,0.8897550278648396,0.21554146661822388,0.7100011806401025
167,nopt0,4.973035638803477,0.26610639964592564,0.9776381202277175,0.9646545698119193
167,nopt1,1.8194625546650671,0.6737133665667131,0.26661677297616465,0.9336672235568348
167,nopt2,2.627017214356435,0.8627177487193469,0.6108533610006938,0.10781367946308748
168,nopt0,4.973035638803477,0.26610639964592564,0.9776381202277175,0.9646545698119193
168,nopt1,2.657605431276951,0.6612106203854852,0.3796775832739128,0.8445244998157299
168,nopt2,2.2486350823230996,0.8842104671670692,0.11601980072556033,0.6747566460965131
169,nopt0,4.973035638803477,0.26610639964592564,0.9776381202277175,0.9646545698119193
169,nopt1,3.3336538952874957,0.6708059600887704,0.17077380461078104,1.0
169,nopt2,2.5317499544082995,0.8728373734848067,0.06135024289527918,0.10781367946308748
170,nopt0,4.973035638803477,0.26610639964592564,0.9776381202277175,0.9646545698119193
170,nopt1,1.735853053210744,0.6740957761385001,0.4367436147921396,0.6989680423788683
170,nopt2,1.41448226687879,0.8861392240371794,0.7880536973174859,0.6472466447748622
171,nopt0,4.973035638803477,0.26610639964592564,0.9776381202277175,0.9646545698119193
171,nopt1,4.277413628212388,0.631184992000574,0.1591909356620459,0.6882131987408208
171,nopt2,2.374038828258533,0.8436082707194774,0.09636104686971614,0.1404401238189697
172,nopt0,4.973035638803477,0.26610639964592564,0.9776381202277175,0.9646545698119193
172,nopt1,2.910322906558398,0.504671292671882,0.27550843457116014,0.8451363587983437
172,nopt2,3.888261528574777,0.7335243193666987,0.7448889063204988,0.7766894376684859
173,nopt0,4.973035638803477,0.26610639964592564,0.9776381202277175,0.9646545698119193
173,nopt1,3.776610341477402,0.4914818056194865,0.19667661883875578,0.7388370951809274
173,nopt2,1.509808274261374,0.8232271986462435,0.17133389345343641,0.7591207863333169
174,nopt0,4.973035638803477,0.26610639964592564,0.9776381202277175,0.9646545698119193
174,nopt1,1.509662028780039,0.4856760099404999,0.41420746695333427,0.8347939811721901
174,nopt2,4.046667305844518,0.8321654062095447,0.10592241817675473,0.7301545380594395
175,nopt0,4.973035638803477,0.26610639964592564,0.9776381202277175,0.9646545698119193
175,nopt1,2.5605920527932304,0.5297361037279983,0.4172154266887372,0.8596416383726685
175,nopt2,3.3410145646997855,0.840528870714002,0.11717767147775435,0.7066854763997206
176,nopt0,4.973035638803477,0.26610639964592564,0.9776381202277175,0.9646545698119193
176,nopt1,2.274627753768128,0.49842181430993815,0.35049208224773337,0.7021508096195733
176,nopt2,2.17964866593574,0.804355942901212,0.2764023916967194,0.298676430086561
177,nopt0,4.973035638803477,0.26610639964592564,0.9776381202277175,0.9646545698119193
177,nopt1,3.087858918745293,0.48804215203778495,0.27513698089650906,0.6377019482017245
177,nopt2,4.030178708072171,0.688684370153671,0.07708361711033546,0.6222808002023428
178,nopt0,4.973035638803477,0.26610639964592564,0.9776381202277175,0.9646545698119193
178,nopt1,2.5402682183459095,0.43260189621993284,0.18859588229209467,0.8586493781616054
178,nopt2,2.339128817947594,0.7050623686085219,0.0,0.7301545380594395
179,nopt0,4.973035638803477,0.26610639964592564,0.9776381202277175,0.9646545698119193
179,nopt1,2.337832111311967,0.4917687169916341,0.02461847159363463,0.7296077793304748
179,nopt2,1.6058272499908717,0.6971228545705844,0.1127653607528814,0.8290704476225176
180,nopt0,4.973035638803477,0.26610639964592564,0.9776381202277175,0.9646545698119193
180,nopt1,1.9063563943087176,0.4605764395246556,0.5382709553444242,0.994676197264621
180,nopt2,3.261734986948837,0.6422752390949092,0.11580839773726084,0.6346560912563605
181,nopt0,4.973035638803477,0.26610639964592564,0.9776381202277175,0.9646545698119193
181,nopt1,3.1070079366615433,0.39676355420418874,0.48728774606528624,0.8586493781616054
181,nopt2,2.41046460253688,0.6013535261394843,0.014968074366047066,0.7193966859164158
182,nopt0,4.973035638803477,0.26610639964592564,0.9776381202277175,0.9646545698119193
182,nopt1,2.4836022233475905,0.43682065599199543,0.31342901896980846,0.5992803069711153
182,nopt2,3.507095700052977,0.5604441672011679,0.015650576882528047,0.4477794791926315
183,nopt0,4.973035638803477,0.26610639964592564,0.9776381202277175,0.9646545698119193
183,nopt1,0.5622717652087796,0.40386407441197025,0.0,0.6406730159238356
183,nopt2,2.2221011904695454,0.5366883539787929,0.08201494856302993,0.8532719923184086
184,nopt0,4.973035638803477,0.26610639964592564,0.9776381202277175,0.9646545698119193
184,nopt1,0.9794331965685197,0.37980824960870463,0.32123644425890946,0.7474908063575021
184,nopt2,2.793339679956438,0.4762454094978006,0.1746875787844605,0.7999612045428822
185,nopt0,4.973035638803477,0.26610639964592564,0.9776381202277175,0.9646545698119193
185,nopt1,2.8536423629782637,0.33571601321001215,0.2828678343027556,0.6607556627195856
185,nopt2,2.224019206708567,0.469829735411586,0.1127653607528814,0.9526224206603926
186,nopt0,4.973035638803477,0.26610639964592564,0.9776381202277175,0.9646545698119193
186,nopt1,2.4964157964233977,0.35169032923833105,0.06459429729058389,0.5765184783914022
186,nopt2,2.170868160744594,0.47859763207352746,0.0,0.8397456240724237
187,nopt0,4.973035638803477,0.26610639964592564,0.9776381202277175,0.9646545698119193
187,nopt1,3.078008221364441,0.37230537467225855,0.03868495102423261,0.6718078033492979
187,nopt2,3.6676535443770932,0.5020332852333624,0.10171579255278829,0.6635555505288357
188,nopt0,4.973035638803477,0.26610639964592564,0.9776381202277175,0.9646545698119193
188,nopt1,1.790859129815661,0.4185886934778531,0.2996248555985702,0.4712835260342032
188,nopt2,1.827163018693216,0.5353165228000586,0.006902545829194542,0.7776459671643139
189,nopt0,4.973035638803477,0.26610639964592564,0.9776381202277175,0.9646545698119193
189,nopt1,2.4936536897427146,0.3921976333473586,0.142499144498012,0.7432194944327332
189,nopt2,4.21830453866592,0.3494994867747297,0.0,0.7742945503807588
190,nopt0,4.973035638803477,0.26610639964592564,0.9776381202277175,0.9646545698119193
190,nopt1,1.7743080535091464,0.376689061827638,0.25138348050077547,0.6676298877767379
190,nopt2,3.242538484649938,0.3451236071464242,0.2462091166596989,0.6671557332184551
191,nopt0,4.973035638803477,0.26610639964592564,0.9776381202277175,0.9646545698119193
191,nopt1,2.5020186257253574,0.3982120817103987,0.3954727050829481,0.4712835260342032
191,nopt2,0.6097049692849433,0.37030701217645773,0.12327124977391156,0.9822453321192293
192,nopt0,4.973035638803477,0.26610639964592564,0.9776381202277175,0.9646545698119193
192,nopt1,2.588235294117653,0.41594074885328275,0.050437105931467684,0.4369890249031183
192,nopt2,1.4529117997601702,0.3532530045152558,0.2462091166596989,0.914675967879406
193,nopt0,4.973035638803477,0.26610639964592564,0.9776381202277175,0.9646545698119193
193,nopt1,2.1166058752869152,0.41831966211650967,0.0,0.4712835260342032
193,nopt2,1.0868128443298244,0.3419603680345648,0.009012492904439232,0.5569960781486857
194,nopt0,4.973035638803477,0.26610639964592564,0.9776381202277175,0.9646545698119193
194,nopt1,3.7638009175368548,0.520037578945962,0.5108211998993285,1.0
194,nopt2,4.485900643701451,0.3413521119824097,0.32820182747388094,0.870692465838316
195,nopt0,4.973035638803477,0.26610639964592564,0.9776381202277175,0.9646545698119193
195,nopt1,1.7461498948203178,0.4690953294784559,0.0,0.6113220935094067
195,nopt2,2.6325303291829303,0.3542704552576759,0.0,0.8268164777346716
196,nopt0,4.973035638803477,0.26610639964592564,0.9776381202277175,0.9646545698119193
196,nopt1,2.906306756348025,0.49654891353864405,0.004499772524636486,0.5173100560078323
196,nopt2,2.096971729486545,0.3997318528090908,0.29020158321091105,1.0
197,nopt0,4.973035638803477,0.26610639964592564,0.9776381202277175,0.9646545698119193
197,nopt1,2.278180673312511,0.4992972039298263,0.09144640488931978,0.4712835260342032
197,nopt2,2.4332583570298616,0.41874282380414934,0.02061049910871866,0.8490178318624896
198,nopt0,4.973035638803477,0.26610639964592564,0.9776381202277175,0.9646545698119193
198,nopt1,3.732835685574992,0.5403952097939156,0.1533109499626685,0.4712835260342032
198,nopt2,2.7744611781477415,0.39503333925329626,0.06754499115300927,0.9536276910320233
199,nopt0,4.973035638803477,0.26610639964592564,0.9776381202277175,0.9646545698119193
199,nopt1,2.73496979719418,0.5505959794067676,0.2538414638396457,0.7975493990595173
199,nopt2,3.4121006278961294,0.41457649464529406,0.10019491723582613,0.8774623333006064
